[
    {
        "salesOrder": "5000010050",
        "customerName": "Robert Brown Entertainment",
        "netAmount": "2K USD",
        "status": "Delivered",
        "statusState": "Success"
    },
    {
        "salesOrder": "5000010051",
        "customerName": "Entertainment Argentinia",
        "netAmount": "127k USD",
        "status": "Canceled",
        "statusState": "Error"
    },
    {
        "salesOrder": "5000010052",
        "customerName": "Brazil Technologies",
        "netAmount": "8K USD",
        "status": "In Progress",
        "statusState": "Warning"
    },
    {
        "salesOrder": "5000010053",
        "customerName": "Quimica Madrilenos",
        "netAmount": "25K USD",
        "status": "Delivered",
        "statusState": "Success"
    },
    {
        "salesOrder": "5000010054",
        "customerName": "Development Para O Governo",
        "netAmount": "7K USD",
        "status": "Delivered",
        "statusState": "Success"
    },
    {
        "salesOrder": "5000010050",
        "customerName": "Robert Brown Entertainment",
        "netAmount": "2K USD",
        "status": "Delivered",
        "statusState": "Success"
    },
    {
        "salesOrder": "5000010051",
        "customerName": "Entertainment Argentinia",
        "netAmount": "127k USD",
        "status": "Canceled",
        "statusState": "Error"
    },
    {
        "salesOrder": "5000010052",
        "customerName": "Brazil Technologies",
        "netAmount": "8K USD",
        "status": "In Progress",
        "statusState": "Warning"
    },
    {
        "salesOrder": "5000010052",
        "customerName": "Brazil Technologies",
        "netAmount": "8K USD",
        "status": "In Progress",
        "statusState": "Warning"
    }
]
