[{
    "Name": "Comfort Easy",
    "Description": "32 GB Digital Assistant with high-resolution color screen",
    "Highlight": "Error"
},
{
    "Name": "ITelO Vault",
    "Description": "Digital Organizer with State-of-the-Art Storage Encryption",
    "Highlight": "Warning"
},
{
    "Name": "Notebook Professional 15",
    "Description": "Notebook Professional 15 with 2,80 GHz quad core, 15\" Multitouch LCD, 8 GB DDR3 RAM, 500 GB SSD - DVD-Writer (DVD-R/+R/-RW/-RAM),Windows 8 Pro",
    "Highlight": "Success"
},
{
    "Name": "Ergo Screen E-I",
    "Description": "Optimum Hi-Resolution max. 1920 x 1080 @ 85Hz, Dot Pitch: 0.27mm",
    "Highlight": "Information"
},
{
    "Name": "Laser Professional Eco",
    "Description": "Print 2400 dpi image quality color documents at speeds of up to 32 ppm (color) or 36 ppm (monochrome), letter/A4. Powerful 500 MHz processor, 512MB of memory",
    "Highlight": "None"
}
]