{
    "list": [
        {
          "Week": "CW14",
          "Revenue": 431000.22,
          "Cost": 230000.00,
          "Cost1": 24800.63,
          "Cost2": 205199.37,
          "Cost3": 199999.37,
          "Target": 500000.00,
          "Budget": 210000.00
        },
        {
          "Week": "CW15",
          "Revenue": 494000.30,
          "Cost": 238000.00,
          "Cost1": 99200.39,
          "Cost2": 138799.61,
          "Cost3": 200199.37,
          "Target": 500000.00,
          "Budget": 224000.00
        },
        {
          "Week": "CW16",
          "Revenue": 491000.17,
          "Cost": 221000.00,
          "Cost1": 70200.54,
          "Cost2": 150799.46,
          "Cost3": 80799.46,
          "Target": 500000.00,
          "Budget": 238000.00
        },
        {
          "Week": "CW17",
          "Revenue": 536000.34,
          "Cost": 280000.00,
          "Cost1": 158800.73,
          "Cost2": 121199.27,
          "Cost3": 108800.46,
          "Target": 500000.00,
          "Budget": 252000.00
        },
        {
          "Week": "CW18",
          "Revenue": 675000.00,
          "Cost": 230000.00,
          "Cost1": 140000.91,
          "Cost2": 89999.09,
          "Cost3": 100099.09,
          "Target": 600000.00,
          "Budget": 266000.00
        },
        {
          "Week": "CW19",
          "Revenue": 680000.00,
          "Cost": 250000.00,
          "Cost1": 172800.15,
          "Cost2": 77199.85,
          "Cost3": 57199.85,
          "Target": 600000.00,
          "Budget": 280000.00
        },
        {
          "Week": "CW20",
          "Revenue": 659000.14,
          "Cost": 325000.00,
          "Cost1": 237200.74,
          "Cost2": 87799.26,
          "Cost3": 187799.26,
          "Target": 600000.00,
          "Budget": 294000.00
        }
    ]
}