{
    "firstName": "Donna",
    "lastName": "Moore",
    "position": "Sales Executive",
    "phone": "+1 202 555 5555",
    "email": "my@mymail.com",
    "photo": "./images/DonnaMoore.png",
    "manager": {
        "firstName": "John",
        "lastName": "Miller",
        "photo": "./images/AlainChevalier.png"
    },
    "company": {
        "name": "Robert Brown Entertainment",
        "address": "481 West Street, Anytown OH 45066, USA",
        "email": "mail@mycompany.com",
        "emailSubject": "Subject",
        "website": "www.company_a.example.com",
        "url": "http://www.company_a.example.com"
    }
}
